"code_arret_theo","libelle_arret_theo","lat_arret","lon_arret"
"LION_G ","""Lion d'Or""",46.552593,6.682867
"SAVUI_N","""Savuit-Place""",46.507275,6.693911
"MUSEO_O","""Musée Olympique""",46.50996,6.63528
"MTILL_O","""Montillier""",46.51236,6.656913
"CROCH_R","""Crochy""",46.53296,6.570256
"CUGY_N ","""Cugy VD, village""",46.58551,6.640627
"SALA_N ","""Sallaz""",46.532513,6.646702
"SAV_O  ","""Savigny, centre""",46.53859,6.730803
"VROSS_N","""Virgile-Rossel""",46.52612,6.64849
"LONGE_O","""Longemalle""",46.525627,6.596454
"LAC_E  ","""Rue du Lac""",46.5275,6.591798
"LUTRY_B","""Lutry, Corniche""",46.500797,6.694144
"BDESS_M","""Bourg-Dessus""",46.53808,6.595387
"CHESG_B","""Cheseaux-sur-Lausanne, gare""",46.584194,6.605131
"NOUTE_S","""Noutes""",46.54278,6.579655
"SAPEL_E","""Lutry, Sapelle""",46.51175,6.7043
"BRESS_S","""Bressonnaz, Village""",46.651756,6.788758
"CENSU_O","""Censuy""",46.532337,6.584045
"CPLAN_S","""Croix-de-Plan""",46.54802,6.56339
"PPORT_B","""Pully, port""",46.50585,6.661685
"FNAY_O ","""Fontenay""",46.516754,6.618316
"DTTES_B","""Daillettes""",46.523003,6.666065
"BGENT_N","""Bois-Gentil""",46.53869,6.622246
"ROS_O  ","""Rosiaz""",46.521545,6.662437
"SEZOO_T","""Servion, Zoo-Tropiquarium""",46.566097,6.772037
"R-14A_O","""Renens-14 Avril""",46.53912,6.580691
"MOTTE_S","""Motte""",46.533054,6.633333
"ROS_E  ","""Rosiaz""",46.521507,6.662307
"RENTE_O","""Rente""",46.55699,6.562384
"ABEIL_S","""Abeilles""",46.540966,6.647765
"OURS_O ","""Ours""",46.521248,6.641341
"COLIC_N","""Villars-Ste-Croix, Colice""",46.562717,6.566361
"ORZEN_S","""Orzens""",46.507088,6.68336
"BATEL_E","""Batelière""",46.516373,6.612757
"CROCH_O","""Crochy""",46.533257,6.570304
"FIGUI_O","""Figuiers""",46.51712,6.611834
"MTILL_E","""Montillier""",46.51232,6.657735
"ANCPO_O","""Savigny, ancienne poste""",46.539948,6.724554
"MATHY_S","""Chalet à Matthey""",46.551113,6.691338
"VERG_N ","""Moudon, Verger""",46.66661,6.798889
"EPBIN_S","""En Praz Bin""",46.55063,6.671681
"SORBI_S","""Moudon, Sorbiers""",46.662373,6.795437
"INDUS_O","""Industrie""",46.54135,6.580617
"CHTRE_E","""Chantres""",46.510475,6.553496
"PFRAN_E","""Port-Franc""",46.522152,6.627018
"WLIAM_S","""Avenue William""",46.509415,6.681478
"PBESS_N","""Pont Bessières""",46.521534,6.636033
"ECOMM_S","""Ecole Commerce""",46.52749,6.621855
"SROCH_N","""St-Roch""",46.525726,6.626326
"AVNIR_O","""Avenir""",46.538334,6.583467
"VYPO_E ","""Vidy-Port""",46.51504,6.607761
"FLON_R ","""Lausanne-Flon""",46.520218,6.629302
"MREPO_O","""Mon Repos""",46.518967,6.640841
"FORET_B","""Forêt""",46.535572,6.633074
"MLINS_E","""Moulins""",46.508045,6.670474
"BRE_N  ","""Bré""",46.55049,6.579259
"MIRAB_N","""Mirabeau""",46.516937,6.63485
"DLICE_O","""Délices""",46.51188,6.628228
"SURLC_O","""Sur-la-Croix""",46.541275,6.593316
"LIAUD_S","""Les Liaudes""",46.517887,6.656508
"EPNEX_F","""Epenex""",46.537373,6.573288
"CROIX_O","""Lutry, Croix/Lutry""",46.51731,6.702999
"ST-ET_E","""St-Etienne""",46.534817,6.649588
"VDEIL_B","""Verdeil""",46.51823,6.649674
"ALLIE_S","""Allières""",46.523815,6.647429
"GTE_O  ","""Georgette""",46.51807,6.637518
"BASS_F ","""Bassenges""",46.52472,6.564641
"SF_P   ","""St-François""",46.519394,6.633523
"VRNEY_O","""Verney""",46.506496,6.649572
"FIGUI_E","""Figuiers""",46.517097,6.612121
"SAUGI_O","""Saugiaz""",46.540035,6.586556
"BAUM_S ","""Baumettes""",46.543182,6.591018
"BATEL_O","""Batelière""",46.51646,6.612535
"BDESS_N","""Bourg-Dessus""",46.53828,6.594588
"LPORT_B","""Lutry, Port""",46.50182,6.683981
"CASC_N ","""Cascades""",46.540253,6.641165
"FORNI_E","""Villette (Lavaux), Pra Forni""",46.5057,6.710766
"BNEN_O ","""Bourdonnette nord""",46.524998,6.589087
"CH_E   ","""Chauderon""",46.52327,6.625907
"GVG_S  ","""Grandvaux, gare sud""",46.496586,6.72058
"MTELY_O","""Montelly""",46.520832,6.612429
"RIVE_E ","""Rive""",46.50118,6.690191
"GRAVX_O","""Grandvaux, Pra Grana""",46.50357,6.713713
"B-AIR_C","""Bel-Air""",46.521965,6.629627
"JURIG_N","""Jurigoz""",46.512936,6.636356
"FROIV_S","""Froideville, village""",46.599667,6.675539
"ENBOI_E","""Entre-Bois""",46.541023,6.631493
"PROVN_O","""Provence nord""",46.52413,6.60607
"TUIL_E ","""Tuileries""",46.544456,6.657961
"LIBEL_O","""Libellules""",46.540787,6.644013
"HUTIN_O","""Huttins""",46.533157,6.608695
"CEDRE_E","""Cèdres""",46.514748,6.619141
"FIGUI_D","""Figuiers""",46.5169,6.609518
"ELYSE_E","""Elysée""",46.51083,6.632335
"BIOLL_S","""Biolleyre""",46.55221,6.668881
"VALON_S","""Vallon""",46.517807,6.666999
"BSITE_D","""Beau-Site""",46.535133,6.620631
"GENE_S ","""Grandvaux, Genevrey""",46.498486,6.716308
"BETHU_N","""Béthusy""",46.52223,6.646788
"LIBEL_E","""Libellules""",46.540592,6.644263
"TIMON_E","""Crissier, Timonet""",46.555202,6.574515
"PAUDX_E","""Paudex, Village""",46.50669,6.672786
"VENON_S","""Venoge nord""",46.51392,6.545569
"FLIEU_O","""Follieu""",46.539707,6.592924
"MALEY_M","""Malley""",46.523987,6.603088
"VLARD_O","""Villard""",46.519627,6.623629
"MTNY_N ","""Montaney""",46.518173,6.551989
"ESSER_S","""Essertes, Le Pralet""",46.558678,6.781557
"USSRO_S","""Ropraz, Ussières""",46.60154,6.754684
"FOURM_S","""Fourmi""",46.538727,6.650639
"PRBYT_E","""Presbytère""",46.528934,6.621663
"BLVDR_O","""Belvédère""",46.52095,6.617457
"CHISA_N","""Crissier, Chisaz""",46.5504,6.576965
"PRAZC_N","""Praz-Collet""",46.56032,6.696505
"B-AIR_N","""Bel-Air""",46.522305,6.629153
"GMONT_B","""Grand-Mont""",46.5631,6.632781
"VAL_S  ","""Valentin""",46.524426,6.631441
"DP_TX  ","""Dépôt MSA""",46.53034,6.602103
"SO_S   ","""Stade Olympique""",46.53352,6.626222
"VENOS_O","""Venoge sud""",46.512928,6.546237
"PCHAT_N","""Petit Château""",46.527794,6.635653
"VERRI_E","""Verrière""",46.505714,6.670768
"CERIS_O","""Cerisaie""",46.528393,6.566889
"BIOLL_N","""Biolleyre""",46.552727,6.667987
"MTOIE_O","""Montoie""",46.518528,6.60832
"EPAL_N ","""Marcel Regamey""",46.54867,6.674656
"DST_O  ","""Désert""",46.540318,6.6123
"EPALC_O","""Epalinges, centre""",46.548435,6.673081
"PECH_O ","""Pêcheurs""",46.510056,6.619695
"FNAY_N ","""Fontenay""",46.517063,6.618598
"PCHLY_E","""Pont de Chailly""",46.526108,6.651879
"VENNE_S","""Vennes""",46.541348,6.655999
"LYGAR_E","""Lutry, gare""",46.5049,6.688837
"GALIC_O","""Galicien""",46.528442,6.603397
"MARB_E ","""Marbrerie""",46.517773,6.602493
"GVESS_N","""Gravesse""",46.509747,6.694946
"CRAIV_N","""Craivavers""",46.531322,6.659181
"MARIO_O","""Marionnettes""",46.512745,6.6859
"PPTAY_O","""Pierraz-Portay""",46.50935,6.64338
"ALE_O  ","""Chauderon-Ale""",46.52382,6.627267
"CHAVC_N","""Chavannes-R., Cèdres""",46.530464,6.573151
"MOUN_S ","""Riex, Mouniaz""",46.493725,6.734334
"BESS_D ","""Bessières""",46.521267,6.636649
"CX-BL_N","""Croix Blanche""",46.547657,6.670993
"CHESG_A","""Cheseaux-sur-Lausanne, gare""",46.583763,6.605229
"RCFFN_E","""Renens-Gare nord""",46.538094,6.579443
"MOLLT_N","""Molliettes""",46.55309,6.693723
"R-HV_O ","""Hôtel-de-Ville""",46.536724,6.586217
"FOUGE_S","""Le Mont-s-L., Fougères""",46.57043,6.63425
"VAL_N  ","""Valentin""",46.52455,6.631413
"MORGS_O","""Morrens VD, Grande Salle""",46.589733,6.627398
"RCFFS_Y","""Renens-Gare sud""",46.537167,6.577984
"COLLI_N","""Colline""",46.510857,6.67906
"VSTCX_O","""Villars-Ste-Croix, Village""",46.56803,6.561605
"MOUSQ_E","""Mousquines""",46.516815,6.646737
"CHLYV_E","""Chailly-Village""",46.523163,6.655193
"GENOU_E","""Bois-Genoud""",46.54607,6.584714
"BRE_S  ","""Bré""",46.55078,6.578589
"BLIJO_O","""Beaulieu-Jomini""",46.52738,6.625741
"CHEVR_N","""Chevreuils""",46.558712,6.696749
"EPTES_N","""Epinettes""",46.516117,6.625884
"MONTO_E","""Montolieu""",46.54315,6.644043
"MEZ-V_O","""Mézières VD, village""",46.59609,6.770192
"1-AOU_O","""1er Août""",46.536827,6.582044
"EPNEX_E","""Epenex""",46.538425,6.575396
"SEGLI_O","""Sous l'Eglise""",46.535355,6.588247
"VIRET_N","""Pierre Viret""",46.52301,6.634004
"PREPA_M","""Pré Pariset""",46.51948,6.667041
"VVERT_P","""Pully, Val-Vert""",46.5219,6.666967
"CIGAL_E","""Cigale""",46.543327,6.647287
"CHATL_S","""Cheseaux-sur-Lausanne, Châtelard""",46.5781,6.592179
"BELVO_B","""Bellevaux""",46.53895,6.633988
"ZING_N ","""Zinguerie""",46.54412,6.571081
"MPREV_N","""Montpreveyres, village""",46.582676,6.74339
"MATHY_N","""Chalet à Matthey""",46.550842,6.691316
"VALMT_O","""Valmont""",46.535316,6.655369
"R-VIL_O","""Renens-Village""",46.532543,6.592475
"VULLI_N","""Vulliens, Halte TL""",46.614845,6.779764
"ST-ET_O","""St-Etienne""",46.534466,6.648498
"VALMT_E","""Valmont""",46.5352,6.655488
"GCHEM_N","""Grand Chemin""",46.55452,6.684092
"MEMIS_N","""Mémise""",46.5278,6.633059
"MAUVE_S","""Mauvernay""",46.564552,6.68883
"CHAND_E","""Chandolin""",46.517395,6.64476
"CHBR_F ","""UNIL-Chamberonne""",46.524128,6.584839
"ECHA_B ","""Echallens""",46.639515,6.633311
"RIP_N  ","""Riponne-M. Béjart""",46.523594,6.632379
"SUVI_N ","""Sugnens, village""",46.65513,6.671788
"CLERG_O","""Pully, Clergère""",46.511463,6.6615
"CHUV_S ","""CHUV""",46.52651,6.641225
"JURIG_S","""Jurigoz""",46.512524,6.636818
"PAVEM_N","""Pavement""",46.54142,6.634225
"MALAD_N","""Maladière""",46.51752,6.604869
"E-HOT_S","""Ecole Hôtelière""",46.562084,6.682878
"ABEIL_N","""Abeilles""",46.541267,6.64823
"NORD_O ","""Place du Nord""",46.52551,6.637121
"CHEVR_S","""Chevreuils""",46.55855,6.696647
"PERRL_E","""Perrelet""",46.52951,6.599744
"PIERF_O","""Pierrefleur""",46.53495,6.616502
"ENCOU_S","""Villars-Ste-Croix, En Coulaye""",46.565792,6.559163
"CH_N   ","""Chauderon""",46.52418,6.625137
"FAUCO_E","""Fauconnières""",46.52537,6.649896
"BLIEU_O","""Beaulieu""",46.52823,6.623434
"MONGE_O","""Mongevon""",46.548504,6.573331
"ETAVZ_N","""Le Mont-s-L., Etavez""",46.566402,6.634257
"BOCHT_N","""Bochet""",46.51331,6.559496
"GRRU_S ","""Mézières VD, centre médical""",46.592026,6.77096
"GRATT_N","""Grattapaille""",46.536713,6.61886
"CX-OR_O","""Carrouge VD, Croix d'Or""",46.598675,6.764679
"BESS_N ","""Bessières""",46.520912,6.637502
"LYGAR_O","""Lutry, gare""",46.505016,6.688327
"BETHU_E","""Béthusy""",46.521828,6.646976
"COLLI_S","""Colline""",46.510826,6.679008
"SANSY_O","""Villars-Ste-Croix, Sansy""",46.568256,6.565176
"COPOZ_S","""Coppoz""",46.559467,6.635808
"CHAVP_D","""Chavannes-R., Plaine""",46.528397,6.572272
"LEMAN_E","""Avenue du Léman""",46.515633,6.645203
"BASS_R ","""Bassenges""",46.525227,6.564959
"CNAX_O ","""Grandvaux, Chenaux""",46.493904,6.728522
"APER_N ","""Perronet""",46.52202,6.565102
"CAS_W  ","""Casernes""",46.532063,6.627664
"GTE_S  ","""Georgette""",46.51749,6.6378
"MLIN_N ","""Cugy VD, Le Moulin""",46.588898,6.6426
"BARRE_N","""Barre""",46.525745,6.636062
"CX-OY_N","""Croix d'Ouchy""",46.512135,6.629749
"CHT_S  ","""Chalet-à-Gobet""",46.564865,6.691343
"CHASS_S","""Prilly-Chasseur""",46.538494,6.606383
"CROCH_F","""Crochy""",46.532463,6.569808
"VVERT_D","""Pully, Val-Vert""",46.5219,6.666967
"SF_B   ","""St-François""",46.519493,6.6339
"M-DUF_N","""Pont Marc Dufour""",46.519047,6.618047
"BAUM_N ","""Baumettes""",46.543736,6.59024
"LION_N ","""Lion d'Or""",46.55208,6.681219
"PONFI_E","""Ponfilet""",46.51319,6.689478
"CLOSY_S","""Vucherens, Closy""",46.62818,6.783009
"RUSEL_E","""Russel""",46.51524,6.564729
"VLARS_S","""Villars""",46.52936,6.56089
"ARGAN_N","""Argand""",46.52072,6.5719
"PLANT_O","""Planta""",46.534386,6.572945
"MOLLT_S","""Molliettes""",46.552998,6.693581
"RAPIL_N","""Rapille""",46.536842,6.612119
"FLON_N ","""Lausanne-Flon""",46.52031,6.631034
"BESS_B ","""Bessières""",46.52094,6.637267
"ECORC_E","""Carrouge VD, Ecorcheboeuf""",46.597473,6.759512
"CRAIV_S","""Craivavers""",46.53139,6.659193
"DOLE_E ","""Dorigny-Léman""",46.527775,6.582839
"LIAUD_N","""Les Liaudes""",46.51786,6.656534
"BRETI_N","""Bretigny-sur-Morrens, croisée""",46.598076,6.646902
"PREYV_S","""Pré-d'Yverdon""",46.543846,6.672755
"PECH_E ","""Pêcheurs""",46.50945,6.620499
"RUSEL_O","""Russel""",46.515182,6.564235
"PRY_D  ","""Prilly, Eglise""",46.53902,6.598775
"SORGE_F","""UNIL-Sorge""",46.52224,6.573257
"PAVIL_O","""Pavillard""",46.51981,6.658643
"ECHER_E","""Lutry, Echerins""",46.518475,6.700781
"L-CHA_N","""Les Chavannes""",46.530575,6.658201
"MAROL_N","""Margerol""",46.520035,6.661012
"ENJAL_N","""En Enjalin""",46.524574,6.557188
"BLIJO_M","""Beaulieu-Jomini""",46.527603,6.626663
"ECRO_E ","""Echallens, La Robellaz""",46.64062,6.642006
"PCHLY_B","""Pont de Chailly""",46.526512,6.652017
"CDESU_N","""Corsy-Dessus""",46.514915,6.6863
"GTE_E  ","""Georgette""",46.517666,6.638501
"R-CFF_F","""Renens-Gare""",46.53773,6.577571
"VIGNE_O","""Vignes""",46.507244,6.665287
"PRY-C_S","""Prilly, Centre""",46.535557,6.60609
"MORP_E ","""Morrens VD, Poste""",46.590176,6.629858
"EGLAN_E","""Eglantine""",46.51602,6.642643
"PPORT_O","""Pully, port""",46.506718,6.660604
"CDRAI_O","""Coudraie""",46.540146,6.609917
"RASUD_O","""Rasude""",46.517105,6.632971
"PUBLO_E","""Savigny, Publoz""",46.541805,6.715846
"BNEN_E ","""Bourdonnette nord""",46.5248,6.589234
"FLORI_O","""Florissant""",46.532974,6.598543
"PBOU_E ","""Parc Bourget""",46.51884,6.593641
"ARC-C_O","""Arc-en-Ciel""",46.545376,6.568127
"MOULN_E","""Mouline""",46.526077,6.579621
"FOYER_E","""Foyer""",46.53343,6.659828
"BLVDR_E","""Belvédère""",46.520847,6.616938
"AUBER_N","""Servion, Clos de l'Auberge""",46.568344,6.782157
"PMONT_N","""Petit-Mont""",46.554398,6.634775
"VENOS_E","""Venoge sud""",46.512707,6.546592
"SAVOI_N","""Savoie""",46.516148,6.701178
"RCFFN_N","""Renens-Gare nord""",46.537754,6.579631
"JOLTT_E","""Joliette""",46.509953,6.6536
"FLON_E ","""Lausanne-Flon""",46.521576,6.629503
"DENAN_E","""Denantou""",46.508064,6.638474
"BOCHT_S","""Bochet""",46.513336,6.559456
"SERV_N ","""Servion, poste/croisée""",46.572952,6.781423
"CHAVP_B","""Chavannes-R., Plaine""",46.528755,6.572435
"LISIE_N","""Lisière""",46.532486,6.637734
"CHT_N  ","""Chalet-à-Gobet""",46.56471,6.691645
"CDESO_O","""Corsy-Dessous""",46.513687,6.680037
"EPFL_R ","""EPFL""",46.522255,6.565697
"THLA_T ","""Tour Haldimand-Lac""",46.505383,6.640689
"RAVES_E","""Pully, Ravessoud""",46.539295,6.697329
"SAVOI_S","""Savoie""",46.516174,6.701282
"GBORD_S","""Grande-Borde""",46.529682,6.631884
"HERMI_S","""Hermitage""",46.53044,6.636109
"MTBLC_S","""Mont-Blanc""",46.52997,6.626705
"MARTH_S","""Cheseaux-sur-Lausanne, Martheray""",46.581306,6.596551
"CAVEN_S","""Cugy VD, Cavenette""",46.580124,6.635645
"BRESS_N","""Bressonnaz, Village""",46.65181,6.788953
"CROIS_D","""Epalinges, Croisettes""",46.543274,6.66159
"RNEUV_N","""Rue Neuve""",46.523323,6.630897
"BALAN_N","""Montpreveyres, Balances""",46.57565,6.736109
"MLINE_O","""UNIL-Mouline""",46.524952,6.5796
"CAROU_N","""Carrouge VD, centre""",46.606342,6.77633
"OSCHE_N","""Osches""",46.508606,6.654166
"CECIL_S","""Cécil""",46.520718,6.622726
"BELMT_O","""Belmont-s-L., Centre""",46.519955,6.678215
"CHISA_S","""Crissier, Chisaz""",46.550335,6.576797
"CERIS_F","""Cerisaie""",46.527557,6.566381
"METAI_E","""Métairie""",46.509937,6.641052
"TIVOL_O","""Tivoli""",46.5212,6.622158
"DRANS_N","""Dranse""",46.530468,6.616231
"PMOL_O ","""Parc Musée Olympique""",46.506992,6.634555
"TIMON_O","""Crissier, Timonet""",46.555363,6.574317
"BRULE_O","""Brûlées""",46.514484,6.690463
"PT-CH_S","""Pont Chauderon""",46.52317,6.624422
"COPOP_N","""Coppoz-Poste""",46.557163,6.635543
"PMOL_E ","""Parc Musée Olympique""",46.507004,6.634555
"GALIC_N","""Galicien""",46.527863,6.601972
"DTSOL  ","""Dépôt TSOL Dorigny""",46.52191,6.568961
"CAROU_S","""Carrouge VD, centre""",46.606613,6.776236
"PLY-G_1","""Pully, gare""",46.51031,6.658428
"SYENS_N","""Syens, Champ-du-Chêne""",46.643757,6.783773
"COPOP_S","""Coppoz-Poste""",46.557056,6.635479
"GTE_N  ","""Georgette""",46.517464,6.637944
"PLANC_N","""Planches""",46.544468,6.667857
"VEILL_N","""Veilloud""",46.531273,6.564678
"FROIC_N","""Froideville, croisée""",46.60125,6.679263
"TVIDY_O","""Théâtre de Vidy""",46.513985,6.611869
"SCBT_O ","""Stade de Coubertin""",46.515427,6.602582
"BRGES_E","""Berges""",46.527485,6.575597
"TNEL_U ","""Tunnel""",46.524673,6.634657
"WLIAM_N","""Avenue William""",46.509327,6.682208
"PBESS_S","""Pont Bessières""",46.520947,6.636719
"CIGAL_O","""Cigale""",46.54334,6.647091
"SALA_D ","""Sallaz""",46.533154,6.64698
"MORRE_O","""Morrens VD, Village""",46.5913,6.62637
"ROUVN_E","""Rouvène""",46.521397,6.674754
"PREAU_E","""Préau""",46.510147,6.657037
"MTETN_O","""Montétan""",46.530052,6.613213
"BUYE_N ","""Buyère""",46.550117,6.563552
"RTTAZ_N","""Rochettaz""",46.51433,6.663478
"BORJO_E","""Borjod""",46.539696,6.589
"MTILL_D","""Montillier""",46.512325,6.658634
"PQUI_N ","""Pâquis""",46.520226,6.67713
"VIRET_S","""Pierre Viret""",46.52313,6.63395
"ECCV_O ","""Ecublens VD, Café vaudois""",46.52963,6.561629
"CUGYP_S","""Cugy VD, poste""",46.58376,6.638787
"STAND_S","""Stand""",46.532658,6.562427
"PMONT_S","""Petit-Mont""",46.554306,6.634672
"E-HOT_N","""Ecole Hôtelière""",46.561485,6.68213
"BVE_O  ","""Bellerive""",46.512093,6.616615
"RUISE_O","""Ruisselet""",46.51286,6.664516
"VULET_N","""Vulliette""",46.558376,6.681104
"TVIDY_E","""Théâtre de Vidy""",46.513626,6.612226
"PERET_E","""Perrettes""",46.526363,6.558541
"LION_S ","""Lion d'Or""",46.551697,6.680233
"BUDR_N ","""Le Mont-s-L., Budron""",46.575706,6.633597
"MARTI_N","""Martines""",46.546776,6.631981
"CNIER_E","""Châtaignier""",46.506424,6.654615
"SCBT_E ","""Stade de Coubertin""",46.515366,6.603091
"PSPOR_N","""Place de Sport""",46.535206,6.564067
"RCFFS_B","""Renens-Gare sud""",46.53621,6.580112
"VBOIS_N","""Vert-Bois""",46.56277,6.687407
"CNAX_E ","""Grandvaux, Chenaux""",46.49544,6.727239
"CDRAI_B","""Coudraie""",46.539787,6.609818
"SEGLI_E","""Sous l'Eglise""",46.53488,6.588775
"BLECH_E","""Blécherette""",46.542217,6.621032
"VRUFF_N","""Victor-Ruffy""",46.53192,6.64847
"VELOD_N","""Parc Vélodrome""",46.536217,6.623704
"FAVER_E","""Faverges""",46.513832,6.645998
"GLYCI_O","""Glycines""",46.535988,6.575422
"PSPOR_S","""Place de Sport""",46.535328,6.563687
"OURS_E ","""Ours""",46.521244,6.640898
"MLEYO_O","""Malley-Ouest""",46.524136,6.601235
"CDRY_N ","""Caudray""",46.53148,6.585062
"ROVER_E","""Lausanne, Rovéréaz""",46.532726,6.667725
"GENOU_O","""Bois-Genoud""",46.54652,6.583599
"SALA_Z ","""Sallaz""",46.533134,6.647162
"STCAT_N","""Lausanne, Ste-Catherine""",46.571045,6.709011
"GGETT_N","""Grangette""",46.541664,6.633126
"JDILS_N","""Jordils""",46.510227,6.628552
"SROCH_S","""St-Roch""",46.525276,6.625889
"BETHA_N","""Béthanie""",46.534668,6.61339
"CROIS_C","""Epalinges, Croisettes""",46.543213,6.661656
"P-RIV_O","""Parc Rivier""",46.536327,6.61532
"TNEL_E ","""Tunnel""",46.52554,6.634892
"FLIEU_E","""Follieu""",46.539574,6.592939
"SIGNA_N","""Signal""",46.532677,6.640625
"BOVRE_S","""Boveresses""",46.534935,6.662922
"GARE_C ","""Lausanne-Gare""",46.51746,6.62963
"CHT_D  ","""Chalet-à-Gobet""",46.5648,6.693522
"MGOUL_N","""Mont-Goulin""",46.538914,6.610953
"CHFON_N","""Lausanne, Chalet-Fontaine""",46.56773,6.69973
"LANDA_P","""Lutry, Landar""",46.51765,6.690549
"BLESS_E","""Belmont-s-L., Blessoney""",46.51895,6.684341
"VCLB_N ","""Vers-chez-les-Blanc""",46.554672,6.694849
"DPLES_N","""Dapples""",46.51449,6.625556
"MEZ-S_S","""Mézières VD, station""",46.599335,6.771744
"RIONZ_S","""Rionzi""",46.54337,6.632749
"MBNON_B","""Montbenon""",46.51979,6.629986
"MORRE_P","""Morrens VD, Village""",46.5912,6.626502
"PDETT_E","""Perraudettaz""",46.513836,6.654403
"OIS_N  ","""Oiseaux""",46.530895,6.629559
"DRANS_S","""Dranse""",46.530136,6.616379
"GMONT_N","""Grand-Mont""",46.563522,6.633987
"PERRL_N","""Perrelet""",46.530727,6.598812
"MUSEO_E","""Musée Olympique""",46.50929,6.63568
"CERIS_R","""Cerisaie""",46.52804,6.566803
"R-PIS_N","""Renens, Piscine""",46.530483,6.585117
"MAROL_S","""Margerol""",46.51987,6.660832
"SUCHF_S","""Suchet-Forêt""",46.5399,6.570992
"MOUD_N ","""Moudon, Gare""",46.66778,6.802155
"RENGE_S","""Renges""",46.52261,6.554444
"MALF_D ","""Maladière-Figuiers""",46.516987,6.605437
"CASC_S ","""Cascades""",46.540066,6.640881
"BNIER_O","""Bourdonnière""",46.506523,6.647018
"SYENS_S","""Syens, Champ-du-Chêne""",46.643566,6.783619
"R-14A_E","""Renens-14 Avril""",46.53932,6.579723
"EGLAN_O","""Eglantine""",46.51674,6.64103
"PEREA_E","""Perréaz""",46.53712,6.602024
"SORBI_N","""Moudon, Sorbiers""",46.662064,6.795219
"MLINE_F","""UNIL-Mouline""",46.525036,6.57965
"FLON_U ","""Lausanne-Flon""",46.521427,6.629792
"SCIO_E ","""Siège du CIO""",46.51754,6.599017
"COLL_O ","""Colladon""",46.51812,6.562298
"BOVRE_N","""Boveresses""",46.53577,6.664109
"VINET_E","""Vinet""",46.526,6.629124
"BESS_M ","""Bessières""",46.52129,6.636884
"BERG_O ","""Bergières""",46.531006,6.61823
"BELMT_E","""Belmont-s-L., Centre""",46.51903,6.678984
"CX-OR_E","""Carrouge VD, Croix d'Or""",46.598618,6.764353
"BOTTE_M","""Bottens, croisée""",46.61685,6.660099
"ZING_O ","""Zinguerie""",46.54415,6.570116
"BELVO_D","""Bellevaux""",46.53881,6.633938
"B-AIR_D","""Bel-Air""",46.52263,6.629109
"CHAND_O","""Chandolin""",46.517544,6.644511
"MUDM_S ","""Musée de la Main""",46.524345,6.640579
"VERRI_O","""Verrière""",46.506092,6.670293
"BRELA_N","""Brélaz""",46.513165,6.697544
"MREPO_E","""Mon Repos""",46.518726,6.641196
"GBORD_N","""Grande-Borde""",46.52989,6.631933
"GVIGN_N","""Grand Vigne""",46.531635,6.603647
"ULAC_O ","""Sports UNIL-EPFL""",46.521053,6.586008
"BRUY_E ","""Bruyère""",46.524014,6.663014
"MBLES_O","""Montblesson, Centenaire""",46.536503,6.677526
"CH_B   ","""Chauderon""",46.523373,6.626531
"LGDOC_N","""Languedoc""",46.51812,6.616771
"SALA_A ","""Sallaz""",46.532513,6.646702
"FLORI_E","""Florissant""",46.53231,6.598501
"LAC_O  ","""Rue du Lac""",46.527256,6.592662
"RENTE_E","""Rente""",46.55709,6.562513
"MORGS_E","""Morrens VD, Grande Salle""",46.5899,6.626783
"RAMUZ_O","""C. F. Ramuz""",46.509563,6.648055
"GCHAM_O","""Belmont-s-L., Grands-Champs""",46.523106,6.677194
"GREY_O ","""Grey""",46.533638,6.618894
"VIGIE_R","""Vigie""",46.521694,6.623467
"FLUM_N ","""Flumeaux""",46.530712,6.601341
"SABL_O ","""Sablons""",46.52272,6.595014
"MOULN_O","""Mouline""",46.526157,6.579502
"CDRY_S ","""Caudray""",46.531822,6.586243
"PBERT_S","""Praz-Berthoud""",46.536972,6.647901
"BOISY_N","""Boisy""",46.533756,6.620287
"BLIJO_D","""Beaulieu-Jomini""",46.52754,6.626481
"PRY-C_O","""Prilly, Centre""",46.53444,6.605494
"EPFL_E ","""EPFL""",46.522057,6.566548
"SPAUL_A","""St-Paul""",46.52707,6.617794
"BOSON_M","""Bossons""",46.53929,6.617231
"BSITE_N","""Beau-Site""",46.535213,6.620773
"LANDA_O","""Lutry, Landar""",46.51785,6.689296
"BGARD_E","""Beauregard""",46.512478,6.623645
"R-14A_S","""Renens-14 Avril""",46.53904,6.57935
"BVE_E  ","""Bellerive""",46.51124,6.617735
"PRY_B  ","""Prilly, Eglise""",46.539047,6.598826
"BGENT_S","""Bois-Gentil""",46.53851,6.622223
"ARGAN_S","""Argand""",46.520386,6.57184
"BOISV_E","""Bois de Vaux""",46.518864,6.600404
"CPEAG_M","""Croix-Péage""",46.561058,6.565944
"MALA_M ","""Maladière-Marbrerie""",46.517773,6.602493
"20P2_O ","""EPFL, Parking P2""",46.51812,6.562298
"BNETT_F","""Bourdonnette""",46.523426,6.590741
"PERET_O","""Perrettes""",46.526157,6.558309
"BESS_S ","""Bessières""",46.52094,6.637267
"OUCHY_H","""Ouchy-Olympique""",46.508224,6.625559
"CAUDO_O","""Caudoz""",46.511795,6.667645
"PLY-C_9","""Pully, centre""",46.510098,6.660282
"M-DUF_S","""Pont Marc Dufour""",46.51906,6.618164
"BOISS_M","""Boissonnet""",46.539085,6.646332
"CX-BL_S","""Croix Blanche""",46.547684,6.670862
"CDRAI_N","""Coudraie""",46.540344,6.609771
"MTETN_E","""Montétan""",46.5292,6.614112
"HOMEJ_S","""Ropraz, Home du Jorat""",46.59584,6.751337
"VMOUL_M","""Vieux-Moulin""",46.532257,6.629812
"ALPES_S","""Alpes""",46.51471,6.636512
"CAS_S  ","""Casernes""",46.531246,6.62812
"PPEL_E ","""Forel (Lavaux), Pra Pélisson""",46.54292,6.757617
"PIECE_E","""Piécettes""",46.541626,6.636543
"CROCH_E","""Crochy""",46.532684,6.569778
"MBLES_E","""Montblesson, Centenaire""",46.53652,6.677695
"MTSI_N ","""Montchoisi""",46.511475,6.63729
"FOREL_Y","""Forel (Lavaux), Cornes de Cerf""",46.541546,6.769798
"CHAMP_S","""Les Champs""",46.50469,6.686846
"VALON_N","""Vallon""",46.517906,6.667141
"DEVIN_O","""Devin""",46.530155,6.652133
"SORGE_R","""UNIL-Sorge""",46.522057,6.572856
"FEYY_M ","""Fey""",46.675205,6.683396
"PONFI_O","""Ponfilet""",46.5132,6.689543
"GRRU_N ","""Mézières VD, centre médical""",46.59243,6.770929
"CLAIE_E","""Savigny, Claie-aux-Moines""",46.54057,6.703908
"RTCOU_E","""Riant-Cour""",46.51551,6.616471
"RNEUV_S","""Rue Neuve""",46.523415,6.631352
"SEZOO_M","""Servion, Zoo-tropiquarium""",46.566097,6.772037
"BNOZ_N ","""Burenoz""",46.521313,6.673022
"LVIAU_O","""Laviau""",46.511757,6.549396
"MONGE_E","""Mongevon""",46.548225,6.573701
"ALLIE_N","""Allières""",46.524097,6.647607
"SCIE_S ","""Scierie""",46.546757,6.579331
"ROTIL_N","""Rôtillon""",46.52092,6.634191
"RCFFS_O","""Renens-Gare sud""",46.53659,6.579362
"SABL_E ","""Sablons""",46.52224,6.595895
"EPTES_S","""Epinettes""",46.516064,6.625689
"GPONT_O","""Grand-Pont""",46.504326,6.679582
"20P4_O ","""EPFL, Parking P4""",46.521587,6.571482
"BOST_E ","""Boston""",46.523716,6.622785
"BNIER_E","""Bourdonnière""",46.506462,6.647162
"VVERT_B","""Pully, Val-Vert""",46.5219,6.666967
"ARC-C_E","""Arc-en-Ciel""",46.545204,6.568065
"VUCH_S ","""Vucherens, village""",46.6252,6.782458
"B-RIV_N","""Beau-Rivage""",46.508347,6.627642
"MMM_C  ","""Closalet""",46.553547,6.569521
"SAUVA_N","""Lac Sauvabelin""",46.53811,6.639111
"CHAMP_N","""Les Champs""",46.504574,6.686887
"BLESS_O","""Belmont-s-L., Blessoney""",46.51957,6.683955
"MLINE_E","""UNIL-Mouline""",46.52489,6.57977
"PLY-G_E","""Pully, gare""",46.510582,6.658867
"CHAFE_N","""Chaffeises""",46.51403,6.673699
"AUBER_S","""Servion, Clos de l'Auberge""",46.56835,6.782014
"LGDOC_S","""Languedoc""",46.517746,6.617324
"SO_N   ","""Stade Olympique""",46.534164,6.62599
"MALEY_F","""Malley""",46.52412,6.60332
"PONTE_E","""Pontet""",46.528805,6.56666
"CLOCH_B","""Clochatte""",46.542755,6.638495
"CLERG_E","""Pully, Clergère""",46.511215,6.661699
"CHASS_N","""Prilly-Chasseur""",46.539764,6.606976
"MTELY_F","""Montelly""",46.521854,6.613351
"CSROC_E","""Centre Sportif Rochettaz""",46.511784,6.670173
"BDESS_S","""Bourg-Dessus""",46.53837,6.594561
"PICAR_N","""Ecublens VD, Piccard""",46.520245,6.568388
"PPORT_E","""Pully, port""",46.50667,6.661725
"GROUG_M","""Servion, Grange Rouge""",46.571175,6.778431
"FELE_S ","""Feleire""",46.550385,6.570041
"20P1_O ","""Ecublens, Parking P1""",46.518288,6.57259
"DENAN_O","""Denantou""",46.507866,6.639246
"ROUVN_O","""Rouvène""",46.521477,6.674818
"RAPIL_S","""Rapille""",46.536324,6.612361
"OUCHY_E","""Ouchy-Olympique""",46.507114,6.625928
"CENSU_E","""Censuy""",46.532284,6.583993
"PBOU_O ","""Parc Bourget""",46.51917,6.593088
"GTE_D  ","""Georgette""",46.516983,6.637599
"CLOSL_D","""Closelet""",46.515663,6.633071
"SSULP_O","""St-Sulpice VD, centre""",46.51006,6.557972
"MAIFR_E","""Maillefer""",46.54191,6.628273
"CHPCU_N","""Champs-Courbes""",46.516605,6.550477
"CDRAI_S","""Coudraie""",46.54061,6.609375
"DLICE_E","""Délices""",46.511913,6.627849
"PSECH_B","""Praz-Séchaud""",46.537544,6.667017
"CHAFE_S","""Chaffeises""",46.513924,6.673765
"GCHAM_T","""Belmont-s-L., Grands-Champs""",46.524124,6.676632
"CROIS_B","""Epalinges, Croisettes""",46.543114,6.661618
"ROS_N  ","""Rosiaz""",46.522076,6.661999
"FORNI_O","""Villette (Lavaux), Pra Forni""",46.505264,6.711553
"CNIER_N","""Châtaignier""",46.506786,6.653789
"CROSE_N","""Croset""",46.534588,6.566737
"CHLYV_O","""Chailly-Village""",46.52334,6.655086
"GVESS_S","""Gravesse""",46.50961,6.694908
"BNETT_B","""Bourdonnette""",46.523186,6.589801
"PLANT_E","""Planta""",46.533764,6.573215
"GGETT_S","""Grangette""",46.5412,6.633251
"PREAU_O","""Préau""",46.51014,6.656099
"CDRTT_O","""Coudrette""",46.522556,6.657848
"MTELY_D","""Montelly""",46.521652,6.613602
"SPAUL_O","""St-Paul""",46.527534,6.617383
"VULLI_S","""Vulliens, Halte TL""",46.61503,6.779709
"MGOUL_S","""Mont-Goulin""",46.53885,6.610889
"DRCOL_S","""Druey-Collège""",46.52858,6.630076
"TIMON_T","""Crissier, Timonet""",46.555775,6.573698
"ELYSE_O","""Elysée""",46.51087,6.632256
"BGNON_E","""Bugnon""",46.539616,6.596302
"1-AOU_E","""1er Août""",46.536713,6.582072
"BOVRA_N","""Boverattes""",46.516308,6.665887
"COTES_S","""Côtes""",46.549946,6.631582
"PROV_R ","""Provence""",46.52334,6.608259
"CROND_N","""Champ Rond""",46.53187,6.650218
"BNOZ_S ","""Burenoz""",46.52109,6.672113
"PROV_F ","""Provence""",46.52314,6.609057
"REYM_E ","""Reymondin""",46.50897,6.666331
"PLY-G_2","""Pully, gare""",46.51024,6.657348
"BDESS_D","""Bourg-Dessus""",46.53808,6.595374
"RUISE_E","""Ruisselet""",46.5128,6.664608
"CAUDO_E","""Caudoz""",46.51179,6.666994
"SIGNA_S","""Signal""",46.5326,6.640405
"COTAG_O","""Cottages""",46.521374,6.610022
"ESPER_S","""Bonne-Espérance""",46.51526,6.648206
"EPFL_L ","""EPFL""",46.522167,6.566129
"CAS_N  ","""Casernes""",46.532097,6.628576
"CROIX_S","""Lutry, Croix/Lutry""",46.51714,6.702845
"GVIGN_S","""Grand Vigne""",46.53171,6.603946
"PFRAN_O","""Port-Franc""",46.522587,6.625774
"SCIE_N ","""Scierie""",46.54732,6.579257
"CAP_E  ","""Chemin du Cap""",46.51467,6.649244
"EPTES_B","""Epinettes""",46.515656,6.625539
"FORET_S","""Forêt""",46.535213,6.633288
"EPBIN_N","""En Praz Bin""",46.550762,6.671484
"PEREA_O","""Perréaz""",46.53682,6.602785
"CHNAU_O","""Pully, Chenaulaz""",46.527077,6.672797
"MT-OR_O","""Mont d'Or""",46.516956,6.615068
"RIP_S  ","""Riponne-M. Béjart""",46.523304,6.632019
"CDESO_E","""Corsy-Dessous""",46.51348,6.680235
"JURA_N ","""Jura""",46.541916,6.573372
"CONCO_E","""Concorde""",46.532585,6.574056
"NOUTE_N","""Noutes""",46.543816,6.579469
"20P6_O ","""Ecublens, Parking P6""",46.520535,6.581911
"1-MAI_S","""1er Mai""",46.54078,6.583442
"BO_T   ","""DEPOT Borde""",46.533752,6.630298
"GARE_S ","""Lausanne-Gare""",46.51756,6.628534
"MARRO_O","""Marronnier""",46.50581,6.675326
"RECOR_O","""Recordon""",46.52579,6.617631
"VENON_N","""Venoge nord""",46.51399,6.545855
"ROSES_N","""Roses""",46.515217,6.656624
"MTNY_S ","""Montaney""",46.51862,6.552516
"PERON_O","""Perronnaz""",46.542377,6.679334
"CHTRE_O","""Chantres""",46.51052,6.553456
"R-HV_S ","""Hôtel-de-Ville""",46.536118,6.585536
"HERMI_N","""Hermitage""",46.529858,6.636261
"SUCHF_N","""Suchet-Forêt""",46.539913,6.570249
"BOISV_O","""Bois de Vaux""",46.519802,6.599425
"JDILS_S","""Jordils""",46.510105,6.628293
"BENJC_N","""Benj. Constant""",46.51913,6.637268
"ECMET_O","""Ecole des Métiers""",46.524406,6.616284
"RAVES_O","""Pully, Ravessoud""",46.539062,6.696485
"MTELY_R","""Montelly""",46.522034,6.612919
"BGNON_O","""Bugnon""",46.539883,6.595971
"CONVE_S","""La Conversion, Gare""",46.51289,6.678184
"USSRO_N","""Ropraz, Ussières""",46.600933,6.755632
"PRBYT_O","""Presbytère""",46.52931,6.621045
"BELVO_N","""Bellevaux""",46.539265,6.633736
"CHPCU_S","""Champs-Courbes""",46.516357,6.550038
"HTE-C_S","""Haute Combe""",46.54457,6.684427
"SCIO_O ","""Siège du CIO""",46.51762,6.598938
"SSULP_E","""St-Sulpice VD, centre""",46.510044,6.55809
"MARCO_S","""Marcolet""",46.54672,6.574507
"BOTTE_D","""Bottens, croisée""",46.6168,6.65997
"TIVOL_E","""Tivoli""",46.521137,6.621078
"BUYE_S ","""Buyère""",46.549778,6.563623
"SROCH_E","""St-Roch""",46.52514,6.625527
"GROUG_O","""Servion, Grange Rouge""",46.571175,6.778431
"FAUCO_O","""Fauconnières""",46.524498,6.649622
"GARE_B ","""Lausanne-Gare""",46.5172,6.630038
"NORD_E ","""Place du Nord""",46.524235,6.637896
"BROYE_O","""Broye""",46.53538,6.598153
"ENJAL_S","""En Enjalin""",46.524033,6.556858
"BLIJO_E","""Beaulieu-Jomini""",46.527237,6.626029
"PRY-C_N","""Prilly, Centre""",46.535614,6.606115
"PLANC_S","""Planches""",46.544636,6.665703
"CPEAG_E","""Croix-Péage""",46.561337,6.564792
"GALIC_E","""Galicien""",46.527775,6.604776
"GRAVX_E","""Grandvaux, Pra Grana""",46.50281,6.714531
"VULET_S","""Vulliette""",46.5576,6.682002
"SORGE_O","""UNIL-Sorge""",46.521854,6.573263
"RECOR_E","""Recordon""",46.525303,6.618473
"PIERF_E","""Pierrefleur""",46.534492,6.616704
"VEILL_S","""Veilloud""",46.531284,6.564352
"MLINS_O","""Moulins""",46.508907,6.669146
"VCLB_S ","""Vers-chez-les-Blanc""",46.554543,6.694785
"VALNT_N","""Vallonnette""",46.52845,6.648534
"PREPA_D","""Pré Pariset""",46.5187,6.667
"COCAG_E","""Cocagne""",46.554783,6.561912
"PAUDX_O","""Paudex, Village""",46.506615,6.673165
"SALA_B ","""Sallaz""",46.532513,6.646702
"TRAB_E ","""Trabandan""",46.51455,6.644528
"GMONT_T","""Grand-Mont""",46.5631,6.632781
"GVENN_O","""Grand Vennes""",46.54012,6.646082
"3CHAS_E","""Pully, Trois-Chasseurs""",46.53437,6.684452
"CRARD_E","""Couchirard""",46.52509,6.612755
"OSCHE_S","""Osches""",46.509148,6.65425
"BOST_N ","""Boston""",46.523968,6.623094
"CHT_T  ","""Chalet-à-Gobet""",46.564877,6.6915
"PROVS_E","""Provence sud""",46.521767,6.608244
"CPLAN_N","""Croix-de-Plan""",46.547855,6.564045
"FEYY_D ","""Fey""",46.674892,6.682708
"CHT_B  ","""Chalet-à-Gobet""",46.564877,6.6915
"BOST_O ","""Boston""",46.523865,6.622327
"TNEL_S ","""Tunnel""",46.525738,6.634042
"CLERG_T","""Pully, Clergère""",46.511078,6.661414
"ULAC_E ","""Sports UNIL-EPFL""",46.52096,6.586049
"MEZ-V_N","""Mézières VD, village""",46.596386,6.770488
"R-14A_N","""Renens-14 Avril""",46.540752,6.579713
"CORC_N ","""Ropraz, Corcelles-Jorat""",46.5912,6.745472
"CAVEN_N","""Cugy VD, Cavenette""",46.580204,6.6358
"CHARM_E","""Charmeur (EVAM)""",46.558052,6.570427
"1-AOU_S","""1er Août""",46.536648,6.581851
"PZROS_E","""Prélaz-les-Roses""",46.526833,6.607097
"CSROC_O","""Centre Sportif Rochettaz""",46.511745,6.669496
"FOYER_O","""Foyer""",46.533566,6.659683
"VRNEY_E","""Verney""",46.506397,6.649469
"FLON_I ","""Lausanne-Flon""",46.520416,6.630902
"DRCOL_N","""Druey-Collège""",46.52827,6.630797
"VLARS_N","""Villars""",46.529354,6.56106
"GREY_E ","""Grey""",46.533634,6.61862
"SORGE_E","""UNIL-Sorge""",46.52219,6.573596
"MTELY_E","""Montelly""",46.520824,6.612637
"FREYR_O","""Floreyres""",46.517086,6.648492
"LYGAR_C","""Lutry, gare""",46.50383,6.690154
"PBERT_O","""Praz-Berthoud""",46.53726,6.647558
"VJEUN_S","""Vallée de la Jeunesse""",46.523235,6.607635
"PONTE_S","""Pontet""",46.52995,6.565977
"CHFON_S","""Lausanne, Chalet-Fontaine""",46.567844,6.699663
"VOISD_E","""Voisinand""",46.503582,6.686497
"LANDA_T","""Lutry, Landar""",46.51785,6.689296
"MARTI_S","""Martines""",46.546127,6.631795
"BOVRA_D","""Boverattes""",46.516197,6.665576
"RGRAU_N","""Montpreveyres, Riau-Graubon""",46.575073,6.724102
"OUCHY_O","""Ouchy-Olympique""",46.507275,6.625756
"CHOCO_N","""Chocolatière""",46.53617,6.641095
"BLECH_N","""Blécherette""",46.542404,6.621147
"ESPER_E","""Bonne-Espérance""",46.51457,6.651382
"CORC_S ","""Ropraz, Corcelles-Jorat""",46.590656,6.744827
"VMOUL_O","""Vieux-Moulin""",46.53355,6.629623
"CASAR_S","""Forel (Lavaux), Casard""",46.55294,6.777468
"PRAZC_S","""Praz-Collet""",46.560024,6.69634
"CLOSL_N","""Closelet""",46.51541,6.633048
"PUBLO_O","""Savigny, Publoz""",46.541878,6.715546
"JOLTT_O","""Joliette""",46.509895,6.652923
"MOUN_N ","""Riex, Mouniaz""",46.493725,6.734334
"R-VIL_E","""Renens-Village""",46.53272,6.591925
"PPEL_O ","""Forel (Lavaux), Pra Pélisson""",46.542843,6.756666
"BOISY_E","""Boisy""",46.532673,6.618465
"BRGES_O","""Berges""",46.527508,6.575023
"COPOZ_N","""Coppoz""",46.560284,6.635614
"TNEL_N ","""Tunnel""",46.5262,6.634478
"MTELY_M","""Montelly""",46.521366,6.613984
"SAUGI_E","""Saugiaz""",46.54016,6.586476
"PDETT_O","""Perraudettaz""",46.514214,6.654215
"SOMAI_O","""Somais""",46.50675,6.657411
"MARCO_N","""Marcolet""",46.54694,6.574921
"DPLES_S","""Dapples""",46.514675,6.625371
"CHENE_E","""Chêne""",46.529106,6.589961
"PZROS_O","""Prélaz-les-Roses""",46.52723,6.606309
"RCFFN_G","""Renens-Gare nord""",46.538124,6.57956
"BRETI_S","""Bretigny-sur-Morrens, croisée""",46.598022,6.646733
"MOUSQ_O","""Mousquines""",46.516872,6.647296
"DST_E  ","""Désert""",46.53925,6.612486
"PJOR_N ","""Mézières VD, Praz Joret""",46.583885,6.772705
"CHT_M  ","""Chalet-à-Gobet""",46.564854,6.693561
"CHATL_N","""Cheseaux-sur-Lausanne, Châtelard""",46.578125,6.592439
"PERON_N","""Perronnaz""",46.542343,6.6794
"FOREL_P","""Forel (Lavaux), Cornes de Cerf""",46.541546,6.769798
"MALAD_E","""Maladière-Lac""",46.516087,6.60566
"PREFY_E","""Préfaully""",46.533485,6.579177
"VALCY_E","""Valency""",46.53129,6.611395
"EPSIC_O","""EPSIC""",46.523415,6.621017
"SALA_C ","""Sallaz""",46.533485,6.647066
"PCHLY_P","""Pont de Chailly""",46.526512,6.652017
"JURA_E ","""Jura""",46.54097,6.574208
"BUDR_S ","""Le Mont-s-L., Budron""",46.575222,6.63333
"R-PIS_S","""Renens, Piscine""",46.530357,6.585301
"THALD_O","""Tour Haldimand""",46.506676,6.641778
"PAQUE_E","""Pâqueret""",46.516556,6.57065
"CH_O   ","""Chauderon""",46.523575,6.62568
"MALEY_R","""Malley""",46.524216,6.602824
"MLEYN_N","""Malley-Nord""",46.524963,6.60259
"CIBLE_S","""Ciblerie""",46.505016,6.688327
"BENJC_S","""Benj. Constant""",46.519466,6.63764
"LISIE_S","""Lisière""",46.532417,6.637318
"INDUS_E","""Industrie""",46.54086,6.581198
"BNETT_R","""Bourdonnette""",46.523293,6.58987
"MALEY_D","""Malley""",46.524094,6.603021
"CRISS_S","""Crissier, centre""",46.55341,6.577269
"CUGYP_N","""Cugy VD, poste""",46.583725,6.638866
"VMOUL_S","""Vieux-Moulin""",46.532616,6.629442
"PJOR_S ","""Mézières VD, Praz Joret""",46.58366,6.772668
"AUBEP_N","""Aubépines""",46.527386,6.619223
"SOMAI_E","""Somais""",46.506687,6.657634
"BRELA_S","""Brélaz""",46.513134,6.697479
"BROYE_E","""Broye""",46.535213,6.598156
"FLUM_S ","""Flumeaux""",46.530266,6.600762
"MARTH_N","""Cheseaux-sur-Lausanne, Martheray""",46.581715,6.597224
"PRELA_O","""Prélaz""",46.526394,6.612539
"CROND_S","""Champ Rond""",46.531944,6.650256
"BER_B  ","""Bercher""",46.692463,6.70334
"EPSIC_E","""EPSIC""",46.52328,6.621175
"CASAR_N","""Forel (Lavaux), Casard""",46.55243,6.7772
"BUPT_A ","""Bussigny VD, Poste""",46.54811,6.554262
"BOSON_D","""Bossons""",46.53913,6.617207
"MTSI_E ","""Montchoisi""",46.51083,6.637495
"FROIL_B","""Froideville, Laiterie""",46.600937,6.682452
"CX-OY_S","""Croix d'Ouchy""",46.51254,6.629821
"CECIL_N","""Cécil""",46.52088,6.623062
"VINET_O","""Vinet""",46.526814,6.628121
"PPTAY_E","""Pierraz-Portay""",46.509296,6.643524
"PIECE_O","""Piécettes""",46.54188,6.635783
"COLO_O ","""Cully, Colombaires""",46.490112,6.729471
"MPREV_S","""Montpreveyres, village""",46.582336,6.740954
"FLON_S ","""Lausanne-Flon""",46.52045,6.630523
"P-RIV_E","""Parc Rivier""",46.536022,6.615338
"MTBLC_N","""Mont-Blanc""",46.53043,6.62722
"VYPO_O ","""Vidy-Port""",46.514957,6.607541
"MLIN_S ","""Cugy VD, Le Moulin""",46.58876,6.642393
"ETAVZ_S","""Le Mont-s-L., Etavez""",46.566105,6.633988
"ECRO_O ","""Echallens, La Robellaz""",46.640526,6.641328
"BALLE_S","""Epalinges, Ballègue""",46.55481,6.669874
"EPAL_T ","""Marcel Regamey""",46.54852,6.674775
"PERRL_O","""Perrelet""",46.53013,6.598209
"REYM_O ","""Reymondin""",46.509697,6.664939
"GLYCI_E","""Glycines""",46.535995,6.575709
"MALVX_N","""Malavaux""",46.520695,6.676406
"CUGY_S ","""Cugy VD, village""",46.585457,6.640458
"LANDA_E","""Lutry, Landar""",46.51765,6.690549
"BERG_E ","""Bergières""",46.53022,6.619233
"MGOUL_B","""Mont-Goulin""",46.538445,6.610895
"CHENE_O","""Chêne""",46.52894,6.590211
"RTTAZ_S","""Rochettaz""",46.513897,6.663341
"DEVA_A ","""Ecublens VD, Dévent""",46.53625,6.55851
"ECEG_E ","""Echallens, place Emile Gardaz""",46.640583,6.636795
"CERIS_E","""Cerisaie""",46.52761,6.566145
"FARA_B ","""Mex VD, Faraz""",46.56622,6.550626
"VBOIS_S","""Vert-Bois""",46.56277,6.687133
"MAUVE_N","""Mauvernay""",46.564564,6.689
"PROVS_O","""Provence sud""",46.521774,6.608283
"GROUG_S","""Servion, Grange Rouge""",46.57126,6.778952
"MOTTE_N","""Motte""",46.53376,6.633479
"CDESU_S","""Corsy-Dessus""",46.51489,6.686301
"VRUFF_S","""Victor-Ruffy""",46.53138,6.648387
"FROIV_N","""Froideville, village""",46.599934,6.676253
"CEDRE_O","""Cèdres""",46.514896,6.618983
"PRY-C_E","""Prilly, Centre""",46.534687,6.605021
"CONVE_N","""La Conversion, Gare""",46.51289,6.678184
"PARC_S ","""Parc""",46.536514,6.568244
"SAPEL_O","""Lutry, Sapelle""",46.51224,6.704098
"GENE_N ","""Grandvaux, Genevrey""",46.49922,6.715764
"LVIAU_E","""Laviau""",46.511272,6.55059
"VROSS_S","""Virgile-Rossel""",46.52618,6.648424
"LONGE_E","""Longemalle""",46.52548,6.596704
"MALL_E ","""Maladière-Lac""",46.516087,6.60566
"PONTE_N","""Pontet""",46.52961,6.566165
"RTCOU_O","""Riant-Cour""",46.515606,6.616118
"EPNEX_R","""Epenex""",46.53786,6.573736
"CONCO_N","""Concorde""",46.531994,6.574626
"POLNY_N","""Polny""",46.553997,6.665543
"STAND_N","""Stand""",46.532764,6.562542
"ROVER_O","""Lausanne, Rovéréaz""",46.532772,6.667594
"MARIN_S","""En Marin""",46.556686,6.683906
"ENBOI_O","""Entre-Bois""",46.540768,6.632136
"GALIC_M","""Galicien""",46.527714,6.60217
"CONFR_E","""Forel (Lavaux), Les Confréries""",46.542545,6.765444
"JDILL_O","""Lutry, Jordillon""",46.509182,6.708152
"CROIS_A","""Epalinges, Croisettes""",46.543076,6.661541
"LEMAN_O","""Avenue du Léman""",46.51581,6.645539
"FROIC_S","""Froideville, croisée""",46.601166,6.679068
"MARRO_E","""Marronnier""",46.505703,6.675393
"VVERT_T","""Pully, Val-Vert""",46.521847,6.667098
"HERMI_X","""Hermitage""",46.530163,6.6364
"CHAVC_S","""Chavannes-R., Cèdres""",46.529865,6.572717
"CUYG_B ","""Cully, gare""",46.488827,6.726961
"BALAN_S","""Montpreveyres, Balances""",46.57566,6.735953
"VERG_S ","""Moudon, Verger""",46.666546,6.79872
"1-MAI_N","""1er Mai""",46.540745,6.583455
"CLAIE_O","""Savigny, Claie-aux-Moines""",46.540802,6.703814
"TUIL_O ","""Tuileries""",46.54436,6.658849
"BGARD_S","""Beauregard""",46.51273,6.622781
"GTE_B  ","""Georgette""",46.51668,6.638047
"BO     ","""Dépôt Borde""",46.53352,6.630093
"THALD_E","""Tour Haldimand""",46.506462,6.643383
"RGRAU_S","""Montpreveyres, Riau-Graubon""",46.575222,6.725013
"ROUVR_N","""Rouvraie""",46.53257,6.631815
"STCAT_S","""Lausanne, Ste-Catherine""",46.570995,6.708425
"GROUG_E","""Servion, Grange Rouge""",46.571327,6.778716
"MUSEO_S","""Musée Olympique""",46.509747,6.634605
"NORD_S ","""Place du Nord""",46.52413,6.637128
"FOYER_B","""Foyer""",46.532696,6.660386
"BORJO_O","""Borjod""",46.53944,6.588326
"GLYCI_B","""Glycines""",46.53629,6.576317
"RUSTE_E","""Bottens, La Rustériaz""",46.606495,6.666514
"MTSI_S ","""Montchoisi""",46.51099,6.636359
"MTFLI_S","""Mont-Fleuri""",46.51464,6.6319
"RCFFS_E","""Renens-Gare sud""",46.536316,6.579693
"MARIN_N","""En Marin""",46.5575,6.684325
"CDRTT_E","""Coudrette""",46.52236,6.659089
"PRELA_E","""Prélaz""",46.526314,6.612827
"ESPER_O","""Bonne-Espérance""",46.515247,6.6502
"ZING_E ","""Zinguerie""",46.54342,6.570949
"EPFL_O ","""EPFL""",46.522087,6.566313
"SF_S   ","""St-François""",46.5192,6.634478
"B-AIR_O","""Bel-Air""",46.522522,6.628303
"GVG_N  ","""Grandvaux, gare sud""",46.496586,6.720502
"ROZAV_N","""Rozavère""",46.528805,6.655411
"GMONT_S","""Grand-Mont""",46.562733,6.634299
"VELOD_S","""Parc Vélodrome""",46.536312,6.623455
"CLOSY_N","""Vucherens, Closy""",46.62828,6.783099
"AUBER_E","""Servion, Clos de l'Auberge""",46.5686,6.782728
"GARE_N ","""Lausanne-Gare""",46.517273,6.62902
"BMURA_B","""Epalinges, Bois Murat""",46.545124,6.654366
"RAMUZ_E","""C. F. Ramuz""",46.509495,6.648329
"PAQUE_O","""Pâqueret""",46.516445,6.570665
"PARC_N ","""Parc""",46.53676,6.568266
"GCHAM_E","""Belmont-s-L., Grands-Champs""",46.522087,6.677377
"FREYR_E","""Floreyres""",46.51717,6.648673
"FLON_O ","""Lausanne-Flon""",46.52098,6.630398
"EPNEX_O","""Epenex""",46.538563,6.574951
"RUSTE_O","""Bottens, La Rustériaz""",46.60652,6.666436
"SAUVA_S","""Lac Sauvabelin""",46.538097,6.639046
"MALF_M ","""Maladière-Figuiers""",46.516907,6.606677
"CRISS_N","""Crissier, centre""",46.553696,6.577017
"CLERG_N","""Pully, Clergère""",46.511654,6.662696
"ECEG_O ","""Echallens, place Emile Gardaz""",46.640186,6.639022
"JDILL_E","""Lutry, Jordillon""",46.50895,6.708273
"ECMET_E","""Ecole des Métiers""",46.52422,6.616443
"PCHLY_O","""Pont de Chailly""",46.526386,6.651901
"CROIX_T","""Lutry, Croix/Lutry""",46.51731,6.702999
"ESSER_N","""Essertes, Le Pralet""",46.558678,6.781662
"BOST_S ","""Boston""",46.524063,6.622741
"FELE_N ","""Feleire""",46.55091,6.569733
"HOMEJ_N","""Ropraz, Home du Jorat""",46.59488,6.750214
"FOUGE_N","""Le Mont-s-L., Fougères""",46.571587,6.633632
"MEMIS_S","""Mémise""",46.52712,6.633317
"ECHER_O","""Lutry, Echerins""",46.518658,6.700205
"MTOIE_E","""Montoie""",46.518135,6.608795
"DOLE_O ","""Dorigny-Léman""",46.52701,6.583216
"MALAD_O","""Maladière-Lac""",46.516247,6.604993
"COTAG_E","""Cottages""",46.5213,6.610141
"GRATT_S","""Grattapaille""",46.536613,6.618927
"CRARD_O","""Couchirard""",46.525085,6.613302
"20P5_E ","""UNIL-Sorge, Parking P5""",46.52219,6.573596
"ECOMM_N","""Ecole Commerce""",46.525555,6.622119
"FORET_N","""Forêt""",46.535873,6.633421
"20P3_O ","""EPFL, Parking P3""",46.52202,6.565102
"CPEAG_B","""Croix-Péage""",46.56087,6.565321
"CHNAU_E","""Pully, Chenaulaz""",46.527016,6.67285
"VALNT_S","""Vallonnette""",46.528538,6.648481
"COUR_N ","""Cour""",46.512665,6.625871
"EPALC_E","""Epalinges, centre""",46.548317,6.673031
"MTPLY_E","""Pully, Monts-de-Pully""",46.536083,6.688899
"JURA_S ","""Jura""",46.541054,6.573386
"RENGE_N","""Renges""",46.52258,6.555292
"RIONZ_N","""Rionzi""",46.54355,6.632694
"MTPLY_O","""Pully, Monts-de-Pully""",46.535942,6.688354
"SURLC_E","""Sur-la-Croix""",46.540775,6.593819
"CHOCO_S","""Chocolatière""",46.536385,6.640844
"HTE-C_N","""Haute Combe""",46.544655,6.684556
"MEZ-S_N","""Mézières VD, station""",46.599487,6.771494
"MTFLI_N","""Mont-Fleuri""",46.514286,6.631541
"BELVO_S","""Bellevaux""",46.539623,6.6336
"ROSES_S","""Roses""",46.514828,6.6562
"DP     ","""Dépôt Perrelet""",46.528416,6.598549
"CNIER_O","""Châtaignier""",46.50643,6.653103
"GPONT_E","""Grand-Pont""",46.504066,6.681162
"DEVIN_E","""Devin""",46.530148,6.652068
"CIBLE_N","""Ciblerie""",46.5049,6.688837
"B-RIV_S","""Beau-Rivage""",46.508266,6.6275
"SPAUL_E","""St-Paul""",46.524883,6.621177
"SUVI_S ","""Sugnens, village""",46.654964,6.671464
"EGLX_A ","""Ecublens VD, Galexis SA""",46.534836,6.569757
"3CHAS_O","""Pully, Trois-Chasseurs""",46.53435,6.684348
"SF_O   ","""St-François""",46.51955,6.632948
"VIGIE_F","""Vigie""",46.521492,6.623939
"SAV_E  ","""Savigny, centre""",46.538513,6.731078
"CHBR_R ","""UNIL-Chamberonne""",46.52436,6.584457
"MOUD_S ","""Moudon, Gare""",46.667587,6.8017
"VOISD_O","""Voisinand""",46.503815,6.686259
"MARIO_E","""Marionnettes""",46.512753,6.685509
"L-CHA_S","""Les Chavannes""",46.530228,6.657163
"COLMA_N","""Collège de Marcolet""",46.544754,6.57493
"METAI_O","""Métairie""",46.51008,6.640568
"SAVUI_S","""Savuit-Place""",46.5073,6.693911
"VLARD_E","""Villard""",46.518734,6.625584
"ANCPO_E","""Savigny, ancienne poste""",46.539867,6.72492
"BLIEU_E","""Beaulieu""",46.527943,6.624142
"MALL_O ","""Maladière-Lac""",46.516247,6.604993
"CONFR_O","""Forel (Lavaux), Les Confréries""",46.542572,6.765457
"HUTIN_E","""Huttins""",46.53319,6.608459
"PAVIL_E","""Pavillard""",46.519684,6.658358
"PREFY_O","""Préfaully""",46.533638,6.579136
"VULLM_N","""Vulliemin""",46.527706,6.633895
"MT-OR_E","""Mont d'Or""",46.516922,6.615212
"VIGNE_E","""Vignes""",46.507164,6.665379
"CROSE_S","""Croset""",46.53486,6.565794
"ROTIL_S","""Rôtillon""",46.521,6.634216
"ECORC_O","""Carrouge VD, Ecorcheboeuf""",46.59759,6.759746
"ROZAV_S","""Rozavère""",46.528984,6.655565
"VJEUN_N","""Vallée de la Jeunesse""",46.52336,6.607737
"GROUG_N","""Servion, Grange Rouge""",46.572037,6.778303
"MORP_O ","""Morrens VD, Poste""",46.59011,6.62858
"MLINE_R","""UNIL-Mouline""",46.52499,6.578804
"COTES_N","""Côtes""",46.54999,6.631646
"BRULE_E","""Brûlées""",46.514465,6.690489
"ORZEN_N","""Orzens""",46.507195,6.683424
"BELVO_M","""Bellevaux""",46.53927,6.634257
"FIGUI_M","""Figuiers""",46.51684,6.609258
"COCAG_O","""Cocagne""",46.554604,6.561836
"ALPES_N","""Alpes""",46.51526,6.636895
"BETHU_O","""Béthusy""",46.521496,6.646069
"BOISS_D","""Boissonnet""",46.53868,6.646364
"PAVEM_S","""Pavement""",46.54089,6.633998
"VUCH_N ","""Vucherens, village""",46.624508,6.78244
"PREYV_N","""Pré-d'Yverdon""",46.5441,6.671995
"VALCY_O","""Valency""",46.531395,6.61129
"BETHA_S","""Béthanie""",46.534264,6.613553
"DRUEY_S","""Druey""",46.529778,6.627803
"COLO_E ","""Cully, Colombaires""",46.49004,6.729446
